{"cameraMode":{"drawMode":0,"name":"Shaded","section":"Shading Mode"},"sceneLighting":true,"audioPlay":false,"sceneViewState":{"showFog":true,"showMaterialUpdate":true,"showSkybox":true,"showFlares":true,"showImageEffects":true,"showParticleSystems":true},"in2DMode":false,"pivot":{"x":644.6397705078125,"y":200.43563842773438,"z":606.653076171875},"rotation":{"x":-0.06886226683855057,"y":-0.9050530791282654,"z":0.16078001260757447,"w":-0.3876858055591583},"size":22.0,"orthographic":false}